datetime,consumption_kWh
01-01-2021,"26,371.61"
02-01-2021,"23,079.92"
03-01-2021,"24,218.42"
04-01-2021,"20,242.38"
05-01-2021,"20,116.16"
06-01-2021,"19,356.54"
07-01-2021,"19,678.72"
08-01-2021,"22,331.85"
09-01-2021,"24,721.47"
10-01-2021,"23,234.21"
11-01-2021,"20,627.84"
12-01-2021,"21,290.82"
13-01-2021,"19,988.36"
14-01-2021,"21,303.85"
15-01-2021,"22,672.24"
16-01-2021,"22,664.41"
17-01-2021,"25,953.95"
18-01-2021,"20,155.83"
19-01-2021,"20,568.60"
20-01-2021,"22,574.21"
21-01-2021,"22,571.63"
22-01-2021,"22,836.80"
23-01-2021,"24,103.42"
24-01-2021,"24,445.04"
25-01-2021,"20,926.72"
26-01-2021,"21,971.51"
27-01-2021,"22,136.12"
28-01-2021,"20,713.24"
29-01-2021,"23,633.29"
30-01-2021,"24,656.45"
31-01-2021,"26,867.15"
01-02-2021,"23,347.96"
02-02-2021,"20,691.48"
03-02-2021,"22,820.29"
04-02-2021,"22,233.96"
05-02-2021,"23,671.79"
06-02-2021,"25,982.63"
07-02-2021,"27,775.96"
08-02-2021,"22,689.85"
09-02-2021,"22,705.24"
10-02-2021,"22,734.88"
11-02-2021,"23,794.77"
12-02-2021,"24,417.98"
13-02-2021,"25,550.86"
14-02-2021,"26,114.75"
15-02-2021,"22,934.77"
16-02-2021,"22,966.98"
17-02-2021,"23,632.94"
18-02-2021,"24,422.77"
19-02-2021,"25,446.03"
20-02-2021,"25,990.69"
21-02-2021,"28,212.74"
22-02-2021,"23,684.09"
23-02-2021,"22,466.46"
24-02-2021,"23,411.61"
25-02-2021,"22,446.60"
26-02-2021,"24,179.49"
27-02-2021,"25,833.49"
28-02-2021,"26,603.42"
01-03-2021,"23,959.80"
02-03-2021,"24,344.94"
03-03-2021,"24,767.98"
04-03-2021,"21,849.66"
05-03-2021,"25,332.14"
06-03-2021,"26,391.54"
07-03-2021,"28,383.28"
08-03-2021,"28,572.59"
09-03-2021,"23,678.24"
10-03-2021,"25,800.16"
11-03-2021,"23,873.22"
12-03-2021,"25,016.45"
13-03-2021,"29,297.39"
14-03-2021,"27,437.03"
15-03-2021,"25,137.53"
16-03-2021,"25,093.50"
17-03-2021,"23,777.47"
18-03-2021,"24,891.70"
19-03-2021,"24,911.14"
20-03-2021,"29,132.84"
21-03-2021,"27,156.45"
22-03-2021,"23,889.38"
23-03-2021,"25,383.39"
24-03-2021,"26,428.36"
25-03-2021,"25,835.81"
26-03-2021,"24,901.21"
27-03-2021,"29,045.24"
28-03-2021,"29,549.49"
29-03-2021,"24,609.51"
30-03-2021,"24,126.60"
31-03-2021,"24,214.24"
01-04-2021,"23,995.83"
02-04-2021,"31,606.42"
03-04-2021,"27,148.94"
04-04-2021,"35,411.09"
05-04-2021,"25,663.99"
06-04-2021,"25,872.78"
07-04-2021,"23,012.85"
08-04-2021,"23,832.29"
09-04-2021,"28,257.81"
10-04-2021,"28,962.01"
11-04-2021,"32,034.29"
12-04-2021,"25,171.37"
13-04-2021,"23,667.42"
14-04-2021,"24,660.50"
15-04-2021,"25,441.99"
16-04-2021,"28,277.20"
17-04-2021,"29,739.66"
18-04-2021,"29,375.39"
19-04-2021,"25,386.61"
20-04-2021,"24,990.48"
21-04-2021,"26,847.49"
22-04-2021,"25,522.33"
23-04-2021,"28,172.82"
24-04-2021,"29,719.25"
25-04-2021,"28,719.96"
26-04-2021,"25,791.03"
27-04-2021,"26,311.47"
28-04-2021,"26,543.17"
29-04-2021,"26,418.16"
30-04-2021,"27,392.30"
01-05-2021,"36,058.53"
02-05-2021,"29,435.26"
03-05-2021,"23,918.03"
04-05-2021,"25,271.37"
05-05-2021,"25,924.18"
06-05-2021,"22,935.86"
07-05-2021,"26,219.11"
08-05-2021,"29,046.07"
09-05-2021,"28,493.23"
10-05-2021,"26,095.07"
11-05-2021,"24,240.20"
12-05-2021,"24,851.48"
13-05-2021,"24,026.20"
14-05-2021,"27,639.34"
15-05-2021,"27,737.05"
16-05-2021,"27,683.01"
17-05-2021,"26,744.66"
18-05-2021,"25,583.49"
19-05-2021,"23,980.19"
20-05-2021,"24,759.67"
21-05-2021,"26,234.09"
22-05-2021,"30,824.65"
23-05-2021,"31,304.10"
24-05-2021,"25,620.15"
25-05-2021,"25,325.69"
26-05-2021,"23,287.39"
27-05-2021,"24,343.72"
28-05-2021,"27,420.71"
29-05-2021,"24,979.34"
30-05-2021,"26,973.05"
31-05-2021,"25,924.68"
01-06-2021,"24,105.87"
02-06-2021,"24,717.56"
03-06-2021,"29,323.68"
04-06-2021,"26,651.92"
05-06-2021,"28,703.65"
06-06-2021,"27,810.72"
07-06-2021,"25,978.82"
08-06-2021,"25,033.01"
09-06-2021,"30,364.68"
10-06-2021,"25,771.32"
11-06-2021,"25,354.97"
12-06-2021,"27,226.94"
13-06-2021,"27,876.24"
14-06-2021,"25,563.15"
15-06-2021,"25,174.90"
16-06-2021,"24,447.13"
17-06-2021,"24,482.01"
18-06-2021,"26,424.76"
19-06-2021,"27,627.03"
20-06-2021,"28,926.16"
21-06-2021,"24,836.04"
22-06-2021,"24,500.29"
23-06-2021,"23,644.26"
24-06-2021,"25,932.95"
25-06-2021,"25,540.75"
26-06-2021,"28,704.54"
27-06-2021,"28,392.60"
28-06-2021,"23,390.36"
29-06-2021,"24,725.48"
30-06-2021,"24,111.41"
01-07-2021,"24,927.35"
02-07-2021,"25,713.08"
03-07-2021,"25,350.47"
04-07-2021,"27,947.09"
05-07-2021,"23,007.46"
06-07-2021,"22,790.53"
07-07-2021,"23,232.92"
08-07-2021,"22,539.40"
09-07-2021,"24,126.80"
10-07-2021,"27,038.55"
11-07-2021,"25,836.06"
12-07-2021,"23,164.79"
13-07-2021,"22,756.74"
14-07-2021,"23,495.72"
15-07-2021,"23,415.57"
16-07-2021,"25,293.36"
17-07-2021,"25,235.75"
18-07-2021,"26,150.04"
19-07-2021,"21,515.45"
20-07-2021,"22,002.93"
21-07-2021,"22,581.21"
22-07-2021,"22,657.68"
23-07-2021,"24,221.90"
24-07-2021,"26,802.17"
25-07-2021,"24,787.28"
26-07-2021,"22,455.52"
27-07-2021,"22,887.25"
28-07-2021,"24,102.79"
29-07-2021,"21,821.54"
30-07-2021,"25,781.57"
31-07-2021,"24,247.66"
01-08-2021,"23,023.25"
02-08-2021,"21,756.68"
03-08-2021,"21,156.63"
04-08-2021,"22,597.24"
05-08-2021,"21,829.77"
06-08-2021,"24,118.98"
07-08-2021,"24,569.34"
08-08-2021,"27,168.77"
09-08-2021,"23,103.76"
10-08-2021,"22,199.37"
11-08-2021,"19,603.47"
12-08-2021,"23,270.30"
13-08-2021,"23,184.96"
14-08-2021,"25,154.18"
15-08-2021,"23,894.65"
16-08-2021,"21,736.49"
17-08-2021,"21,723.04"
18-08-2021,"21,315.26"
19-08-2021,"20,269.25"
20-08-2021,"22,548.26"
21-08-2021,"23,234.30"
22-08-2021,"24,018.11"
23-08-2021,"22,099.83"
24-08-2021,"20,822.28"
25-08-2021,"22,705.96"
26-08-2021,"22,506.84"
27-08-2021,"22,421.79"
28-08-2021,"24,981.89"
29-08-2021,"23,661.41"
30-08-2021,"19,117.78"
31-08-2021,"20,062.35"
01-09-2021,"20,770.21"
02-09-2021,"21,847.97"
03-09-2021,"21,174.89"
04-09-2021,"22,859.59"
05-09-2021,"23,009.92"
06-09-2021,"19,726.12"
07-09-2021,"20,234.32"
08-09-2021,"19,671.24"
09-09-2021,"18,753.61"
10-09-2021,"21,186.08"
11-09-2021,"23,817.22"
12-09-2021,"21,771.39"
13-09-2021,"18,666.84"
14-09-2021,"18,846.81"
15-09-2021,"18,506.80"
16-09-2021,"20,513.11"
17-09-2021,"20,638.85"
18-09-2021,"22,595.17"
19-09-2021,"23,328.58"
20-09-2021,"20,236.67"
21-09-2021,"19,911.29"
22-09-2021,"19,578.34"
23-09-2021,"18,796.74"
24-09-2021,"19,835.35"
25-09-2021,"23,042.72"
26-09-2021,"23,038.82"
27-09-2021,"19,448.98"
28-09-2021,"19,203.43"
29-09-2021,"18,696.44"
30-09-2021,"18,239.60"
01-10-2021,"19,245.85"
02-10-2021,"21,206.25"
03-10-2021,"20,521.46"
04-10-2021,"20,793.64"
05-10-2021,"20,090.86"
06-10-2021,"19,040.15"
07-10-2021,"18,646.07"
08-10-2021,"19,966.44"
09-10-2021,"25,198.01"
10-10-2021,"20,759.96"
11-10-2021,"20,370.77"
12-10-2021,"18,866.40"
13-10-2021,"18,071.07"
14-10-2021,"18,150.13"
15-10-2021,"19,784.26"
16-10-2021,"19,437.39"
17-10-2021,"22,982.70"
18-10-2021,"18,264.10"
19-10-2021,"19,405.81"
20-10-2021,"18,932.66"
21-10-2021,"18,759.68"
22-10-2021,"21,806.15"
23-10-2021,"22,154.79"
24-10-2021,"21,663.35"
25-10-2021,"18,019.17"
26-10-2021,"18,468.49"
27-10-2021,"18,740.47"
28-10-2021,"17,683.17"
29-10-2021,"20,248.18"
30-10-2021,"21,470.33"
31-10-2021,"20,566.84"
01-11-2021,"17,561.07"
02-11-2021,"19,475.81"
03-11-2021,"18,774.87"
04-11-2021,"19,897.06"
05-11-2021,"20,076.25"
06-11-2021,"20,985.08"
07-11-2021,"21,024.65"
08-11-2021,"20,290.30"
09-11-2021,"17,742.76"
10-11-2021,"18,438.49"
11-11-2021,"18,425.35"
12-11-2021,"20,827.42"
13-11-2021,"21,162.30"
14-11-2021,"22,842.00"
15-11-2021,"18,316.29"
16-11-2021,"17,216.69"
17-11-2021,"18,392.33"
18-11-2021,"19,620.99"
19-11-2021,"20,722.27"
20-11-2021,"22,026.52"
21-11-2021,"21,130.99"
22-11-2021,"18,940.07"
23-11-2021,"18,551.74"
24-11-2021,"19,754.76"
25-11-2021,"19,461.66"
26-11-2021,"20,519.61"
27-11-2021,"22,400.33"
28-11-2021,"22,930.71"
29-11-2021,"19,528.14"
30-11-2021,"18,215.51"
01-12-2021,"19,180.29"
02-12-2021,"20,028.57"
03-12-2021,"19,826.53"
04-12-2021,"22,025.12"
05-12-2021,"21,671.03"
06-12-2021,"19,602.76"
07-12-2021,"19,379.17"
08-12-2021,"21,152.80"
09-12-2021,"19,469.85"
10-12-2021,"21,700.68"
11-12-2021,"22,988.26"
12-12-2021,"21,889.30"
13-12-2021,"19,523.46"
14-12-2021,"20,499.09"
15-12-2021,"21,034.93"
16-12-2021,"19,790.38"
17-12-2021,"21,431.00"
18-12-2021,"21,370.48"
19-12-2021,"23,022.44"
20-12-2021,"19,243.34"
21-12-2021,"20,334.03"
22-12-2021,"19,354.86"
23-12-2021,"18,775.60"
24-12-2021,"21,110.34"
25-12-2021,"27,319.04"
26-12-2021,"28,857.80"
27-12-2021,"18,598.92"
28-12-2021,"21,473.47"
29-12-2021,"19,081.17"
30-12-2021,"21,214.15"
31-12-2021,"21,443.48"
01-01-2022,"30,163.23"
02-01-2022,"25,582.79"
03-01-2022,"20,572.60"
04-01-2022,"21,456.36"
05-01-2022,"22,721.20"
06-01-2022,"20,244.58"
07-01-2022,"24,480.45"
08-01-2022,"25,408.76"
09-01-2022,"26,116.52"
10-01-2022,"22,333.62"
11-01-2022,"22,172.22"
12-01-2022,"22,856.61"
13-01-2022,"22,248.98"
14-01-2022,"24,449.60"
15-01-2022,"24,073.78"
16-01-2022,"24,777.78"
17-01-2022,"23,415.84"
18-01-2022,"22,032.46"
19-01-2022,"23,093.82"
20-01-2022,"23,466.23"
21-01-2022,"25,749.24"
22-01-2022,"26,262.14"
23-01-2022,"25,191.06"
24-01-2022,"22,406.23"
25-01-2022,"22,162.39"
26-01-2022,"23,804.00"
27-01-2022,"23,485.34"
28-01-2022,"23,836.60"
29-01-2022,"27,755.77"
30-01-2022,"25,150.32"
31-01-2022,"24,263.20"
01-02-2022,"24,289.48"
02-02-2022,"24,861.13"
03-02-2022,"23,805.92"
04-02-2022,"25,627.07"
05-02-2022,"26,559.56"
06-02-2022,"26,416.88"
07-02-2022,"23,534.87"
08-02-2022,"25,081.90"
09-02-2022,"23,786.15"
10-02-2022,"22,473.79"
11-02-2022,"26,710.52"
12-02-2022,"26,585.44"
13-02-2022,"29,006.85"
14-02-2022,"24,031.24"
15-02-2022,"23,452.64"
16-02-2022,"25,505.69"
17-02-2022,"23,612.21"
18-02-2022,"25,498.06"
19-02-2022,"27,711.53"
20-02-2022,"26,841.95"
21-02-2022,"24,611.12"
22-02-2022,"23,318.34"
23-02-2022,"23,848.05"
24-02-2022,"25,943.22"
25-02-2022,"27,283.04"
26-02-2022,"29,602.38"
27-02-2022,"27,713.87"
28-02-2022,"25,282.38"
01-03-2022,"26,376.00"
02-03-2022,"23,796.55"
03-03-2022,"24,254.04"
04-03-2022,"29,016.98"
05-03-2022,"29,730.22"
06-03-2022,"29,591.75"
07-03-2022,"26,542.84"
08-03-2022,"27,892.44"
09-03-2022,"25,669.52"
10-03-2022,"25,637.07"
11-03-2022,"28,853.36"
12-03-2022,"30,635.90"
13-03-2022,"29,806.35"
14-03-2022,"26,353.00"
15-03-2022,"25,829.79"
16-03-2022,"24,866.26"
17-03-2022,"26,889.76"
18-03-2022,"28,448.17"
19-03-2022,"32,235.80"
20-03-2022,"30,892.94"
21-03-2022,"24,627.49"
22-03-2022,"25,608.40"
23-03-2022,"24,364.95"
24-03-2022,"27,922.25"
25-03-2022,"28,083.14"
26-03-2022,"29,295.30"
27-03-2022,"30,668.53"
28-03-2022,"26,975.53"
29-03-2022,"26,319.87"
30-03-2022,"27,338.35"
31-03-2022,"28,883.25"
01-04-2022,"27,849.60"
02-04-2022,"31,378.93"
03-04-2022,"32,212.53"
04-04-2022,"25,990.73"
05-04-2022,"25,876.37"
06-04-2022,"25,777.59"
07-04-2022,"25,534.26"
08-04-2022,"26,840.46"
09-04-2022,"30,147.59"
10-04-2022,"29,920.37"
11-04-2022,"27,153.08"
12-04-2022,"29,982.80"
13-04-2022,"25,453.46"
14-04-2022,"29,191.48"
15-04-2022,"35,594.02"
16-04-2022,"29,521.62"
17-04-2022,"36,968.37"
18-04-2022,"25,466.74"
19-04-2022,"26,682.50"
20-04-2022,"27,784.43"
21-04-2022,"25,943.47"
22-04-2022,"30,671.24"
23-04-2022,"32,149.24"
24-04-2022,"29,633.30"
25-04-2022,"26,472.71"
26-04-2022,"28,532.39"
27-04-2022,"28,049.69"
28-04-2022,"24,557.08"
29-04-2022,"27,654.90"
30-04-2022,"30,898.01"
01-05-2022,"36,952.35"
02-05-2022,"25,879.71"
03-05-2022,"27,946.88"
04-05-2022,"26,884.22"
05-05-2022,"28,374.74"
06-05-2022,"29,653.74"
07-05-2022,"31,535.30"
08-05-2022,"32,271.12"
09-05-2022,"27,960.46"
10-05-2022,"28,625.55"
11-05-2022,"26,575.84"
12-05-2022,"27,866.51"
13-05-2022,"28,894.63"
14-05-2022,"32,004.88"
15-05-2022,"31,501.36"
16-05-2022,"27,101.41"
17-05-2022,"27,303.86"
18-05-2022,"26,756.77"
19-05-2022,"29,421.98"
20-05-2022,"28,556.75"
21-05-2022,"33,626.24"
22-05-2022,"30,971.12"
23-05-2022,"25,875.11"
24-05-2022,"27,569.95"
25-05-2022,"26,370.26"
26-05-2022,"27,390.68"
27-05-2022,"27,898.25"
28-05-2022,"30,477.43"
29-05-2022,"31,685.94"
30-05-2022,"26,543.23"
31-05-2022,"27,022.74"
01-06-2022,"25,267.53"
02-06-2022,"23,944.33"
03-06-2022,"36,392.37"
04-06-2022,"31,005.31"
05-06-2022,"31,374.58"
06-06-2022,"26,617.22"
07-06-2022,"25,185.13"
08-06-2022,"27,010.28"
09-06-2022,"32,582.64"
10-06-2022,"28,134.43"
11-06-2022,"27,826.63"
12-06-2022,"32,394.02"
13-06-2022,"26,327.81"
14-06-2022,"27,162.80"
15-06-2022,"27,464.63"
16-06-2022,"26,044.23"
17-06-2022,"27,462.43"
18-06-2022,"31,223.59"
19-06-2022,"29,102.73"
20-06-2022,"26,407.17"
21-06-2022,"25,858.24"
22-06-2022,"24,626.01"
23-06-2022,"26,096.96"
24-06-2022,"25,408.57"
25-06-2022,"27,949.81"
26-06-2022,"27,472.74"
27-06-2022,"25,547.98"
28-06-2022,"26,485.88"
29-06-2022,"23,517.58"
30-06-2022,"24,648.49"
01-07-2022,"27,793.89"
02-07-2022,"28,296.81"
03-07-2022,"29,270.68"
04-07-2022,"24,709.50"
05-07-2022,"24,929.60"
06-07-2022,"23,361.07"
07-07-2022,"23,191.30"
08-07-2022,"26,631.76"
09-07-2022,"28,550.85"
10-07-2022,"28,164.19"
11-07-2022,"24,756.44"
12-07-2022,"24,176.63"
13-07-2022,"25,742.77"
14-07-2022,"24,591.82"
15-07-2022,"27,519.24"
16-07-2022,"28,251.62"
17-07-2022,"29,955.18"
18-07-2022,"24,358.60"
19-07-2022,"25,902.64"
20-07-2022,"23,337.35"
21-07-2022,"22,639.88"
22-07-2022,"25,965.66"
23-07-2022,"27,386.46"
24-07-2022,"27,468.70"
25-07-2022,"25,147.85"
26-07-2022,"23,508.77"
27-07-2022,"25,001.66"
28-07-2022,"23,101.63"
29-07-2022,"25,461.72"
30-07-2022,"26,618.97"
31-07-2022,"27,217.05"
01-08-2022,"24,219.42"
02-08-2022,"23,282.17"
03-08-2022,"23,954.05"
04-08-2022,"24,603.59"
05-08-2022,"25,426.67"
06-08-2022,"27,001.07"
07-08-2022,"26,245.71"
08-08-2022,"23,390.54"
09-08-2022,"24,516.64"
10-08-2022,"22,427.83"
11-08-2022,"22,326.05"
12-08-2022,"24,220.12"
13-08-2022,"26,507.30"
14-08-2022,"27,579.77"
15-08-2022,"20,421.68"
16-08-2022,"22,552.10"
17-08-2022,"22,796.91"
18-08-2022,"21,078.16"
19-08-2022,"25,253.18"
20-08-2022,"24,851.56"
21-08-2022,"25,416.13"
22-08-2022,"21,344.57"
23-08-2022,"20,986.05"
24-08-2022,"21,792.14"
25-08-2022,"22,047.89"
26-08-2022,"23,650.19"
27-08-2022,"23,989.33"
28-08-2022,"25,468.52"
29-08-2022,"24,019.02"
30-08-2022,"23,165.77"
31-08-2022,"21,263.27"
01-09-2022,"20,812.65"
02-09-2022,"23,279.09"
03-09-2022,"26,345.58"
04-09-2022,"24,322.65"
05-09-2022,"22,102.74"
06-09-2022,"21,571.21"
07-09-2022,"22,773.54"
08-09-2022,"20,493.76"
09-09-2022,"23,143.32"
10-09-2022,"23,066.43"
11-09-2022,"24,294.23"
12-09-2022,"23,201.85"
13-09-2022,"20,969.56"
14-09-2022,"22,338.01"
15-09-2022,"22,959.76"
16-09-2022,"22,909.04"
17-09-2022,"25,039.05"
18-09-2022,"24,280.51"
19-09-2022,"22,233.98"
20-09-2022,"19,316.96"
21-09-2022,"21,072.75"
22-09-2022,"21,728.64"
23-09-2022,"23,647.57"
24-09-2022,"24,891.22"
25-09-2022,"24,375.66"
26-09-2022,"20,455.34"
27-09-2022,"20,920.40"
28-09-2022,"22,063.55"
29-09-2022,"19,623.06"
30-09-2022,"21,839.09"
01-10-2022,"24,347.55"
02-10-2022,"22,657.01"
03-10-2022,"19,891.37"
04-10-2022,"19,015.93"
05-10-2022,"20,421.50"
06-10-2022,"21,169.86"
07-10-2022,"22,405.00"
08-10-2022,"23,105.90"
09-10-2022,"25,840.77"
10-10-2022,"19,087.00"
11-10-2022,"21,774.27"
12-10-2022,"21,155.40"
13-10-2022,"20,624.95"
14-10-2022,"22,333.42"
15-10-2022,"22,123.76"
16-10-2022,"22,685.21"
17-10-2022,"19,533.85"
18-10-2022,"19,104.09"
19-10-2022,"19,481.61"
20-10-2022,"20,509.93"
21-10-2022,"21,362.12"
22-10-2022,"21,213.26"
23-10-2022,"21,731.66"
24-10-2022,"20,392.26"
25-10-2022,"20,520.06"
26-10-2022,"18,962.50"
27-10-2022,"21,795.79"
28-10-2022,"21,490.57"
29-10-2022,"22,385.16"
30-10-2022,"23,283.42"
31-10-2022,"20,447.43"
01-11-2022,"19,643.90"
02-11-2022,"20,906.10"
03-11-2022,"20,602.07"
04-11-2022,"21,825.29"
05-11-2022,"22,073.92"
06-11-2022,"24,941.39"
07-11-2022,"18,724.72"
08-11-2022,"21,618.44"
09-11-2022,"18,644.03"
10-11-2022,"20,294.64"
11-11-2022,"21,434.99"
12-11-2022,"22,926.78"
13-11-2022,"24,307.52"
14-11-2022,"20,405.39"
15-11-2022,"19,080.37"
16-11-2022,"21,362.76"
17-11-2022,"19,481.29"
18-11-2022,"22,225.78"
19-11-2022,"24,991.32"
20-11-2022,"22,675.80"
21-11-2022,"20,046.17"
22-11-2022,"19,125.98"
23-11-2022,"19,539.32"
24-11-2022,"18,967.73"
25-11-2022,"22,158.22"
26-11-2022,"23,548.91"
27-11-2022,"23,799.04"
28-11-2022,"19,735.83"
29-11-2022,"19,994.57"
30-11-2022,"21,904.09"
01-12-2022,"22,172.48"
02-12-2022,"22,074.29"
03-12-2022,"24,059.75"
04-12-2022,"22,308.21"
05-12-2022,"21,071.85"
06-12-2022,"20,750.84"
07-12-2022,"20,175.44"
08-12-2022,"20,718.92"
09-12-2022,"21,021.17"
10-12-2022,"24,987.10"
11-12-2022,"25,243.11"
12-12-2022,"20,442.58"
13-12-2022,"21,588.14"
14-12-2022,"20,475.60"
15-12-2022,"21,805.48"
16-12-2022,"21,414.85"
17-12-2022,"23,307.10"
18-12-2022,"23,482.25"
19-12-2022,"21,197.75"
20-12-2022,"22,353.47"
21-12-2022,"20,571.09"
22-12-2022,"22,368.57"
23-12-2022,"23,331.05"
24-12-2022,"23,674.56"
25-12-2022,"32,618.04"
26-12-2022,"26,820.21"
27-12-2022,"21,191.78"
28-12-2022,"20,247.80"
29-12-2022,"23,577.71"
30-12-2022,"23,328.39"
31-12-2022,"25,962.90"
01-01-2023,"37,286.21"
02-01-2023,"24,696.11"
03-01-2023,"24,370.01"
04-01-2023,"24,668.29"
05-01-2023,"24,242.39"
06-01-2023,"28,291.95"
07-01-2023,"29,118.81"
08-01-2023,"27,426.38"
09-01-2023,"23,652.19"
10-01-2023,"26,388.63"
11-01-2023,"25,900.31"
12-01-2023,"25,710.60"
13-01-2023,"28,515.50"
14-01-2023,"30,701.24"
15-01-2023,"28,626.86"
16-01-2023,"26,274.88"
17-01-2023,"25,061.77"
18-01-2023,"26,974.87"
19-01-2023,"27,277.20"
20-01-2023,"27,034.76"
21-01-2023,"28,880.54"
22-01-2023,"29,837.48"
23-01-2023,"26,693.86"
24-01-2023,"27,900.53"
25-01-2023,"24,892.79"
26-01-2023,"23,442.88"
27-01-2023,"27,992.12"
28-01-2023,"31,326.60"
29-01-2023,"30,167.63"
30-01-2023,"26,378.48"
31-01-2023,"28,155.89"
01-02-2023,"25,906.27"
02-02-2023,"26,796.49"
03-02-2023,"28,840.63"
04-02-2023,"30,071.49"
05-02-2023,"29,876.60"
06-02-2023,"27,682.84"
07-02-2023,"28,929.32"
08-02-2023,"27,990.61"
09-02-2023,"26,009.92"
10-02-2023,"32,346.24"
11-02-2023,"31,835.89"
12-02-2023,"34,456.71"
13-02-2023,"27,987.52"
14-02-2023,"28,452.45"
15-02-2023,"27,543.47"
16-02-2023,"28,340.85"
17-02-2023,"29,890.01"
18-02-2023,"29,883.89"
19-02-2023,"31,234.06"
20-02-2023,"28,274.78"
21-02-2023,"27,991.70"
22-02-2023,"28,368.92"
23-02-2023,"28,535.07"
24-02-2023,"31,032.01"
25-02-2023,"32,640.80"
26-02-2023,"32,455.61"
27-02-2023,"28,967.96"
28-02-2023,"30,117.65"
01-03-2023,"29,446.56"
02-03-2023,"29,811.78"
03-03-2023,"32,868.66"
04-03-2023,"35,378.62"
05-03-2023,"35,034.15"
06-03-2023,"29,405.54"
07-03-2023,"29,815.57"
08-03-2023,"32,158.54"
09-03-2023,"28,034.60"
10-03-2023,"31,892.91"
11-03-2023,"32,760.67"
12-03-2023,"33,775.34"
13-03-2023,"31,432.05"
14-03-2023,"31,555.96"
15-03-2023,"28,918.93"
16-03-2023,"31,651.47"
17-03-2023,"33,044.47"
18-03-2023,"33,756.65"
19-03-2023,"35,791.71"
20-03-2023,"28,550.74"
21-03-2023,"30,648.11"
22-03-2023,"31,077.93"
23-03-2023,"29,769.20"
24-03-2023,"35,058.47"
25-03-2023,"35,903.31"
26-03-2023,"36,048.55"
27-03-2023,"32,023.31"
28-03-2023,"30,182.48"
29-03-2023,"30,698.73"
30-03-2023,"29,645.06"
31-03-2023,"32,556.92"
01-04-2023,"35,149.14"
02-04-2023,"33,765.70"
03-04-2023,"31,389.23"
04-04-2023,"30,921.14"
05-04-2023,"30,429.27"
06-04-2023,"30,405.37"
07-04-2023,"37,598.69"
08-04-2023,"37,433.65"
09-04-2023,"40,757.51"
10-04-2023,"31,132.06"
11-04-2023,"31,519.17"
12-04-2023,"29,512.44"
13-04-2023,"30,387.53"
14-04-2023,"34,472.66"
15-04-2023,"37,367.51"
16-04-2023,"33,675.45"
17-04-2023,"33,249.64"
18-04-2023,"29,314.09"
19-04-2023,"32,926.34"
20-04-2023,"33,041.84"
21-04-2023,"32,930.97"
22-04-2023,"37,539.17"
23-04-2023,"36,822.03"
24-04-2023,"31,023.45"
25-04-2023,"29,244.75"
26-04-2023,"30,636.67"
27-04-2023,"29,712.78"
28-04-2023,"32,781.12"
29-04-2023,"36,188.18"
30-04-2023,"36,049.80"
01-05-2023,"38,376.40"
02-05-2023,"31,158.60"
03-05-2023,"32,399.63"
04-05-2023,"31,435.78"
05-05-2023,"33,272.70"
06-05-2023,"33,183.67"
07-05-2023,"36,508.74"
08-05-2023,"30,618.33"
09-05-2023,"32,546.25"
10-05-2023,"30,360.25"
11-05-2023,"30,893.64"
12-05-2023,"34,948.32"
13-05-2023,"35,642.89"
14-05-2023,"36,417.76"
15-05-2023,"30,473.58"
16-05-2023,"33,499.68"
17-05-2023,"29,461.59"
18-05-2023,"29,942.85"
19-05-2023,"32,542.44"
20-05-2023,"35,123.76"
21-05-2023,"37,838.51"
22-05-2023,"29,197.41"
23-05-2023,"28,477.81"
24-05-2023,"31,057.02"
25-05-2023,"31,988.12"
26-05-2023,"34,159.10"
27-05-2023,"32,275.89"
28-05-2023,"35,336.89"
29-05-2023,"32,812.90"
30-05-2023,"28,508.25"
31-05-2023,"31,140.65"
01-06-2023,"30,774.85"
02-06-2023,"31,779.37"
03-06-2023,"42,402.15"
04-06-2023,"34,683.07"
05-06-2023,"31,100.39"
06-06-2023,"30,345.43"
07-06-2023,"29,450.95"
08-06-2023,"28,804.49"
09-06-2023,"41,605.99"
10-06-2023,"34,797.52"
11-06-2023,"34,733.96"
12-06-2023,"29,329.16"
13-06-2023,"28,284.77"
14-06-2023,"29,537.87"
15-06-2023,"30,421.64"
16-06-2023,"32,357.12"
17-06-2023,"34,030.54"
18-06-2023,"35,938.56"
19-06-2023,"29,734.86"
20-06-2023,"29,896.52"
21-06-2023,"29,848.71"
22-06-2023,"29,276.85"
23-06-2023,"30,019.70"
24-06-2023,"36,645.90"
25-06-2023,"35,767.50"
26-06-2023,"29,062.87"
27-06-2023,"28,973.65"
28-06-2023,"29,190.70"
29-06-2023,"31,107.87"
30-06-2023,"31,526.85"
01-07-2023,"32,058.85"
02-07-2023,"33,452.51"
03-07-2023,"29,086.73"
04-07-2023,"29,186.17"
05-07-2023,"31,390.15"
06-07-2023,"27,564.13"
07-07-2023,"31,742.47"
08-07-2023,"33,824.02"
09-07-2023,"36,015.81"
10-07-2023,"29,734.66"
11-07-2023,"27,208.14"
12-07-2023,"29,484.01"
13-07-2023,"29,989.87"
14-07-2023,"31,228.78"
15-07-2023,"32,112.26"
16-07-2023,"33,104.87"
17-07-2023,"27,508.23"
18-07-2023,"27,691.04"
19-07-2023,"27,179.18"
20-07-2023,"26,744.00"
21-07-2023,"28,903.79"
22-07-2023,"33,669.14"
23-07-2023,"32,737.78"
24-07-2023,"28,794.09"
25-07-2023,"27,789.01"
26-07-2023,"25,416.88"
27-07-2023,"28,802.15"
28-07-2023,"28,933.37"
29-07-2023,"30,260.12"
30-07-2023,"32,909.55"
31-07-2023,"26,436.63"
01-08-2023,"26,178.92"
02-08-2023,"25,108.99"
03-08-2023,"26,695.14"
04-08-2023,"29,405.95"
05-08-2023,"31,985.48"
06-08-2023,"30,957.86"
07-08-2023,"28,175.79"
08-08-2023,"26,889.05"
09-08-2023,"27,132.18"
10-08-2023,"26,358.28"
11-08-2023,"27,624.12"
12-08-2023,"30,667.94"
13-08-2023,"31,799.62"
14-08-2023,"25,183.08"
15-08-2023,"27,657.55"
16-08-2023,"25,128.91"
17-08-2023,"26,293.29"
18-08-2023,"29,065.10"
19-08-2023,"29,338.95"
20-08-2023,"30,040.15"
21-08-2023,"24,916.15"
22-08-2023,"24,791.18"
23-08-2023,"24,898.95"
24-08-2023,"25,181.26"
25-08-2023,"27,420.86"
26-08-2023,"31,593.82"
27-08-2023,"28,106.48"
28-08-2023,"25,754.27"
29-08-2023,"23,965.97"
30-08-2023,"24,763.95"
31-08-2023,"25,070.76"
01-09-2023,"26,450.75"
02-09-2023,"30,450.99"
03-09-2023,"29,882.04"
04-09-2023,"22,882.67"
05-09-2023,"24,708.16"
06-09-2023,"24,824.46"
07-09-2023,"26,569.81"
08-09-2023,"27,537.60"
09-09-2023,"29,452.97"
10-09-2023,"28,607.95"
11-09-2023,"22,250.87"
12-09-2023,"25,568.02"
13-09-2023,"25,191.75"
14-09-2023,"24,458.22"
15-09-2023,"27,432.24"
16-09-2023,"26,069.27"
17-09-2023,"26,483.01"
18-09-2023,"22,603.61"
19-09-2023,"24,550.16"
20-09-2023,"22,502.28"
21-09-2023,"24,055.97"
22-09-2023,"25,395.36"
23-09-2023,"25,011.38"
24-09-2023,"25,871.92"
25-09-2023,"23,848.83"
26-09-2023,"22,473.65"
27-09-2023,"24,708.13"
28-09-2023,"23,472.66"
29-09-2023,"24,279.35"
30-09-2023,"27,514.26"
01-10-2023,"26,979.56"
02-10-2023,"23,390.78"
03-10-2023,"22,155.35"
04-10-2023,"23,338.21"
05-10-2023,"23,941.58"
06-10-2023,"24,466.12"
07-10-2023,"26,314.11"
08-10-2023,"26,950.94"
09-10-2023,"27,242.53"
10-10-2023,"22,476.64"
11-10-2023,"22,770.06"
12-10-2023,"24,092.39"
13-10-2023,"24,927.65"
14-10-2023,"27,934.84"
15-10-2023,"24,094.59"
16-10-2023,"23,525.53"
17-10-2023,"24,455.25"
18-10-2023,"23,590.66"
19-10-2023,"21,699.09"
20-10-2023,"22,938.37"
21-10-2023,"25,897.96"
22-10-2023,"25,042.15"
23-10-2023,"24,014.31"
24-10-2023,"23,641.60"
25-10-2023,"23,372.21"
26-10-2023,"22,684.21"
27-10-2023,"24,174.46"
28-10-2023,"26,672.78"
29-10-2023,"27,595.19"
30-10-2023,"22,585.89"
31-10-2023,"22,641.40"
01-11-2023,"23,715.86"
02-11-2023,"23,914.92"
03-11-2023,"24,329.64"
04-11-2023,"24,633.69"
05-11-2023,"26,497.20"
06-11-2023,"21,584.17"
07-11-2023,"22,311.03"
08-11-2023,"22,789.08"
09-11-2023,"23,533.73"
10-11-2023,"23,958.50"
11-11-2023,"27,629.86"
12-11-2023,"25,290.63"
13-11-2023,"23,006.07"
14-11-2023,"23,776.96"
15-11-2023,"22,050.52"
16-11-2023,"21,748.14"
17-11-2023,"23,775.65"
18-11-2023,"27,228.85"
19-11-2023,"25,661.04"
20-11-2023,"24,237.76"
21-11-2023,"22,352.80"
22-11-2023,"21,832.18"
23-11-2023,"23,472.70"
24-11-2023,"24,182.03"
25-11-2023,"27,229.81"
26-11-2023,"27,343.88"
27-11-2023,"21,939.21"
28-11-2023,"23,851.97"
29-11-2023,"24,243.92"
30-11-2023,"21,378.34"
01-12-2023,"25,039.33"
02-12-2023,"28,711.76"
03-12-2023,"28,518.06"
04-12-2023,"24,414.13"
05-12-2023,"23,611.59"
06-12-2023,"21,732.02"
07-12-2023,"22,588.17"
08-12-2023,"26,293.71"
09-12-2023,"28,586.90"
10-12-2023,"29,821.62"
11-12-2023,"22,769.48"
12-12-2023,"24,859.50"
13-12-2023,"23,368.58"
14-12-2023,"24,311.69"
15-12-2023,"26,074.96"
16-12-2023,"28,320.68"
17-12-2023,"27,823.34"
18-12-2023,"23,443.52"
19-12-2023,"26,300.47"
20-12-2023,"25,029.81"
21-12-2023,"26,485.99"
22-12-2023,"26,339.51"
23-12-2023,"29,353.93"
24-12-2023,"29,031.88"
25-12-2023,"29,670.26"
26-12-2023,"28,310.56"
27-12-2023,"24,924.85"
28-12-2023,"25,158.70"
29-12-2023,"26,620.42"
30-12-2023,"27,658.75"
31-12-2023,"28,683.23"
01-01-2024,"35,032.58"
02-01-2024,"32,168.04"
03-01-2024,"29,701.19"
04-01-2024,"29,104.02"
05-01-2024,"33,130.34"
06-01-2024,"34,332.39"
07-01-2024,"35,963.31"
08-01-2024,"31,373.19"
09-01-2024,"30,004.15"
10-01-2024,"30,209.53"
11-01-2024,"29,515.90"
12-01-2024,"31,415.54"
13-01-2024,"35,835.65"
14-01-2024,"34,607.32"
15-01-2024,"29,675.85"
16-01-2024,"31,482.55"
17-01-2024,"30,389.77"
18-01-2024,"28,273.21"
19-01-2024,"32,273.50"
20-01-2024,"36,064.98"
21-01-2024,"35,202.01"
22-01-2024,"31,879.11"
23-01-2024,"31,719.64"
24-01-2024,"33,146.88"
25-01-2024,"29,217.16"
26-01-2024,"31,536.15"
27-01-2024,"37,008.68"
28-01-2024,"37,258.14"
29-01-2024,"30,649.95"
30-01-2024,"33,167.76"
31-01-2024,"32,755.89"
01-02-2024,"32,625.18"
02-02-2024,"33,790.24"
03-02-2024,"36,411.79"
04-02-2024,"37,249.30"
05-02-2024,"30,295.02"
06-02-2024,"32,004.50"
07-02-2024,"32,388.87"
08-02-2024,"34,025.22"
09-02-2024,"35,339.29"
10-02-2024,"36,282.72"
11-02-2024,"35,156.79"
12-02-2024,"33,373.29"
13-02-2024,"32,798.26"
14-02-2024,"33,212.72"
15-02-2024,"35,092.90"
16-02-2024,"35,109.99"
17-02-2024,"36,264.08"
18-02-2024,"38,878.98"
19-02-2024,"35,314.98"
20-02-2024,"36,592.47"
21-02-2024,"34,764.11"
22-02-2024,"33,378.85"
23-02-2024,"36,479.91"
24-02-2024,"38,940.75"
25-02-2024,"38,729.83"
26-02-2024,"34,548.90"
27-02-2024,"33,532.23"
28-02-2024,"32,626.12"
29-02-2024,"32,399.40"
01-03-2024,"39,234.30"
02-03-2024,"41,680.09"
03-03-2024,"38,335.26"
04-03-2024,"36,708.53"
05-03-2024,"33,980.63"
06-03-2024,"34,475.55"
07-03-2024,"34,735.70"
08-03-2024,"47,320.08"
09-03-2024,"38,303.01"
10-03-2024,"40,594.56"
11-03-2024,"32,153.44"
12-03-2024,"32,054.43"
13-03-2024,"36,565.32"
14-03-2024,"32,061.85"
15-03-2024,"35,910.99"
16-03-2024,"39,157.21"
17-03-2024,"37,268.49"
18-03-2024,"35,572.55"
19-03-2024,"35,488.99"
20-03-2024,"39,566.39"
21-03-2024,"35,264.17"
22-03-2024,"39,073.88"
23-03-2024,"44,879.70"
24-03-2024,"39,613.98"
25-03-2024,"35,271.36"
26-03-2024,"35,230.90"
27-03-2024,"35,266.73"
28-03-2024,"36,556.01"
29-03-2024,"46,980.39"
30-03-2024,"40,044.00"
31-03-2024,"51,339.03"
01-04-2024,"35,424.94"
02-04-2024,"35,083.90"
03-04-2024,"37,151.65"
04-04-2024,"36,122.09"
05-04-2024,"38,910.35"
06-04-2024,"40,381.93"
07-04-2024,"40,590.25"
08-04-2024,"34,527.89"
09-04-2024,"37,381.32"
10-04-2024,"36,731.76"
11-04-2024,"36,224.63"
12-04-2024,"41,520.43"
13-04-2024,"42,008.01"
14-04-2024,"41,063.30"
15-04-2024,"36,903.99"
16-04-2024,"35,719.62"
17-04-2024,"34,241.74"
18-04-2024,"38,212.11"
19-04-2024,"39,540.66"
20-04-2024,"40,820.01"
21-04-2024,"41,739.97"
22-04-2024,"35,941.93"
23-04-2024,"36,326.28"
24-04-2024,"35,471.24"
25-04-2024,"37,089.08"
26-04-2024,"39,525.29"
27-04-2024,"44,090.41"
28-04-2024,"41,863.53"
29-04-2024,"35,798.07"
30-04-2024,"37,443.76"
01-05-2024,"45,687.36"
02-05-2024,"37,784.77"
03-05-2024,"41,059.30"
04-05-2024,"41,162.26"
05-05-2024,"41,610.80"
06-05-2024,"37,559.16"
07-05-2024,"37,430.39"
08-05-2024,"34,969.56"
09-05-2024,"34,879.25"
10-05-2024,"39,890.46"
11-05-2024,"42,912.21"
12-05-2024,"42,302.15"
13-05-2024,"37,178.92"
14-05-2024,"35,024.26"
15-05-2024,"36,692.56"
16-05-2024,"38,242.42"
17-05-2024,"37,783.88"
18-05-2024,"43,345.90"
19-05-2024,"40,580.30"
20-05-2024,"38,732.20"
21-05-2024,"33,503.10"
22-05-2024,"38,051.31"
23-05-2024,"35,525.46"
24-05-2024,"37,542.00"
25-05-2024,"39,681.44"
26-05-2024,"44,342.27"
27-05-2024,"38,788.14"
28-05-2024,"34,638.37"
29-05-2024,"36,180.15"
30-05-2024,"36,129.99"
31-05-2024,"39,458.48"
01-06-2024,"43,729.38"
02-06-2024,"39,602.19"
03-06-2024,"42,477.84"
04-06-2024,"34,993.00"
05-06-2024,"34,857.68"
06-06-2024,"34,357.26"
07-06-2024,"39,186.17"
08-06-2024,"41,667.69"
09-06-2024,"52,760.25"
10-06-2024,"34,306.94"
11-06-2024,"35,707.69"
12-06-2024,"34,288.76"
13-06-2024,"33,254.80"
14-06-2024,"37,209.54"
15-06-2024,"42,439.39"
16-06-2024,"38,390.45"
17-06-2024,"33,220.56"
18-06-2024,"34,155.56"
19-06-2024,"34,777.13"
20-06-2024,"34,447.27"
21-06-2024,"36,603.80"
22-06-2024,"40,396.11"
23-06-2024,"40,247.61"
24-06-2024,"35,595.73"
25-06-2024,"36,590.39"
26-06-2024,"35,358.88"
27-06-2024,"34,508.51"
28-06-2024,"37,048.46"
29-06-2024,"42,970.37"
30-06-2024,"38,760.98"
01-07-2024,"32,141.51"
02-07-2024,"34,617.57"
03-07-2024,"34,517.24"
04-07-2024,"34,791.19"
05-07-2024,"36,972.83"
06-07-2024,"39,375.74"
07-07-2024,"42,606.07"
08-07-2024,"35,185.35"
09-07-2024,"33,415.62"
10-07-2024,"34,136.65"
11-07-2024,"31,962.73"
12-07-2024,"37,330.51"
13-07-2024,"40,142.82"
14-07-2024,"38,576.44"
15-07-2024,"33,552.93"
16-07-2024,"32,761.50"
17-07-2024,"33,581.82"
18-07-2024,"30,047.49"
19-07-2024,"35,396.64"
20-07-2024,"39,448.32"
21-07-2024,"36,311.33"
22-07-2024,"33,427.49"
23-07-2024,"31,995.59"
24-07-2024,"31,371.86"
25-07-2024,"32,312.94"
26-07-2024,"34,909.87"
27-07-2024,"35,539.18"
28-07-2024,"39,480.97"
29-07-2024,"31,927.71"
30-07-2024,"33,648.00"
31-07-2024,"33,544.20"
01-08-2024,"30,009.40"
02-08-2024,"34,430.98"
03-08-2024,"34,717.08"
04-08-2024,"35,293.69"
05-08-2024,"30,462.01"
06-08-2024,"31,516.99"
07-08-2024,"31,779.90"
08-08-2024,"30,272.62"
09-08-2024,"33,170.06"
10-08-2024,"36,610.13"
11-08-2024,"37,397.53"
12-08-2024,"31,374.30"
13-08-2024,"30,287.35"
14-08-2024,"30,390.36"
15-08-2024,"30,382.18"
16-08-2024,"32,270.93"
17-08-2024,"35,005.17"
18-08-2024,"34,833.74"
19-08-2024,"29,346.42"
20-08-2024,"29,217.49"
21-08-2024,"29,501.15"
22-08-2024,"28,229.53"
23-08-2024,"32,275.45"
24-08-2024,"34,953.45"
25-08-2024,"32,669.75"
26-08-2024,"29,960.66"
27-08-2024,"29,027.93"
28-08-2024,"29,025.10"
29-08-2024,"31,827.72"
30-08-2024,"31,038.83"
31-08-2024,"33,149.47"
01-09-2024,"33,245.52"
02-09-2024,"30,988.23"
03-09-2024,"28,756.76"
04-09-2024,"30,454.22"
05-09-2024,"29,949.80"
06-09-2024,"29,209.21"
07-09-2024,"33,800.05"
08-09-2024,"35,853.74"
09-09-2024,"27,759.35"
10-09-2024,"29,356.08"
11-09-2024,"27,498.19"
12-09-2024,"29,353.57"
13-09-2024,"31,257.21"
14-09-2024,"34,462.41"
15-09-2024,"34,636.52"
16-09-2024,"27,365.79"
17-09-2024,"27,826.89"
18-09-2024,"28,788.75"
19-09-2024,"27,131.71"
20-09-2024,"30,007.48"
21-09-2024,"32,434.14"
22-09-2024,"32,161.46"
23-09-2024,"29,632.72"
24-09-2024,"29,488.74"
25-09-2024,"29,683.09"
26-09-2024,"28,539.51"
27-09-2024,"29,271.72"
28-09-2024,"32,021.69"
29-09-2024,"31,735.72"
30-09-2024,"29,941.01"
01-10-2024,"29,079.10"
02-10-2024,"27,641.67"
03-10-2024,"29,133.51"
04-10-2024,"28,503.81"
05-10-2024,"33,036.37"
06-10-2024,"33,443.17"
07-10-2024,"28,123.47"
08-10-2024,"25,915.44"
09-10-2024,"32,345.10"
10-10-2024,"26,387.77"
11-10-2024,"29,517.06"
12-10-2024,"32,975.44"
13-10-2024,"30,927.28"
14-10-2024,"27,234.03"
15-10-2024,"26,050.92"
16-10-2024,"26,601.96"
17-10-2024,"27,490.49"
18-10-2024,"29,171.03"
19-10-2024,"31,122.19"
20-10-2024,"30,948.92"
21-10-2024,"26,004.09"
22-10-2024,"27,713.26"
23-10-2024,"27,642.94"
24-10-2024,"25,796.57"
25-10-2024,"28,082.82"
26-10-2024,"33,547.24"
27-10-2024,"29,300.30"
28-10-2024,"26,713.22"
29-10-2024,"28,848.22"
30-10-2024,"27,860.15"
31-10-2024,"28,828.00"
01-11-2024,"27,941.88"
02-11-2024,"32,341.38"
03-11-2024,"30,675.26"
04-11-2024,"27,686.20"
05-11-2024,"25,884.80"
06-11-2024,"27,193.79"
07-11-2024,"26,266.53"
08-11-2024,"28,113.75"
09-11-2024,"30,548.38"
10-11-2024,"30,123.67"
11-11-2024,"26,639.75"
12-11-2024,"27,856.37"
13-11-2024,"28,214.32"
14-11-2024,"25,959.62"
15-11-2024,"29,727.25"
16-11-2024,"30,072.27"
17-11-2024,"33,112.84"
18-11-2024,"28,171.02"
19-11-2024,"27,506.93"
20-11-2024,"25,913.27"
21-11-2024,"27,685.76"
22-11-2024,"29,037.14"
23-11-2024,"28,452.48"
24-11-2024,"30,705.24"
25-11-2024,"28,459.28"
26-11-2024,"27,252.32"
27-11-2024,"27,193.60"
28-11-2024,"27,103.46"
29-11-2024,"31,369.29"
30-11-2024,"33,091.65"
01-12-2024,"31,003.30"
02-12-2024,"28,623.27"
03-12-2024,"28,156.92"
04-12-2024,"28,873.90"
05-12-2024,"27,858.16"
06-12-2024,"30,052.70"
07-12-2024,"33,292.86"
08-12-2024,"33,534.16"
09-12-2024,"29,804.51"
10-12-2024,"26,698.33"
11-12-2024,"27,814.37"
12-12-2024,"31,094.20"
13-12-2024,"29,757.35"
14-12-2024,"31,775.33"
15-12-2024,"32,392.43"
16-12-2024,"28,070.29"
17-12-2024,"30,541.21"
18-12-2024,"28,203.21"
19-12-2024,"27,895.08"
20-12-2024,"32,329.68"
21-12-2024,"34,525.22"
22-12-2024,"33,640.50"
23-12-2024,"31,174.89"
24-12-2024,"30,319.05"
25-12-2024,"36,698.91"
26-12-2024,"35,420.78"
27-12-2024,"31,277.57"
28-12-2024,"34,523.27"
29-12-2024,"35,768.13"
30-12-2024,"31,385.59"
31-12-2024,"32,581.48"
01-01-2025,"43,384.67"
02-01-2025,"36,243.54"
03-01-2025,"38,127.77"
04-01-2025,"40,666.56"
05-01-2025,"41,828.64"
06-01-2025,"35,789.52"
07-01-2025,"39,778.53"
08-01-2025,"36,800.32"
09-01-2025,"38,726.47"
10-01-2025,"39,691.59"
11-01-2025,"42,867.77"
12-01-2025,"42,824.91"
13-01-2025,"35,340.52"
14-01-2025,"38,846.68"
15-01-2025,"37,372.45"
16-01-2025,"37,958.64"
17-01-2025,"40,572.88"
18-01-2025,"43,016.94"
19-01-2025,"39,467.02"
20-01-2025,"37,589.25"
21-01-2025,"34,741.98"
22-01-2025,"39,747.84"
23-01-2025,"39,544.36"
24-01-2025,"41,480.31"
25-01-2025,"43,850.96"
26-01-2025,"45,838.47"
27-01-2025,"40,945.72"
28-01-2025,"39,608.64"
29-01-2025,"36,883.45"
30-01-2025,"38,960.24"
31-01-2025,"43,589.98"
01-02-2025,"46,682.14"
02-02-2025,"48,218.73"
03-02-2025,"38,138.58"
04-02-2025,"41,180.29"
05-02-2025,"40,520.32"
06-02-2025,"41,405.90"
07-02-2025,"43,435.99"
08-02-2025,"49,056.36"
09-02-2025,"46,383.86"
10-02-2025,"40,185.11"
11-02-2025,"42,516.87"
12-02-2025,"36,782.51"
13-02-2025,"43,325.80"
14-02-2025,"45,017.39"
15-02-2025,"47,641.66"
16-02-2025,"46,934.77"
17-02-2025,"42,766.96"
18-02-2025,"41,816.83"
19-02-2025,"40,781.00"
20-02-2025,"41,146.00"
21-02-2025,"45,342.59"
22-02-2025,"46,152.04"
23-02-2025,"47,904.70"
24-02-2025,"39,974.04"
25-02-2025,"44,816.98"
26-02-2025,"44,265.91"
27-02-2025,"43,161.47"
28-02-2025,"45,802.06"
01-03-2025,"48,252.49"
02-03-2025,"45,840.04"
03-03-2025,"46,282.37"
04-03-2025,"43,627.72"
05-03-2025,"40,372.10"
06-03-2025,"40,128.86"
07-03-2025,"44,384.34"
08-03-2025,"63,775.68"
09-03-2025,"46,512.53"
10-03-2025,"45,378.87"
11-03-2025,"45,366.44"
12-03-2025,"42,869.65"
13-03-2025,"44,250.46"
14-03-2025,"44,713.76"
15-03-2025,"52,204.59"
16-03-2025,"52,075.84"
17-03-2025,"40,667.94"
18-03-2025,"41,885.39"
19-03-2025,"40,064.58"
20-03-2025,"41,475.77"
21-03-2025,"43,755.90"
22-03-2025,"50,764.22"
23-03-2025,"47,984.75"
24-03-2025,"41,176.17"
25-03-2025,"44,509.05"
26-03-2025,"40,527.08"
27-03-2025,"42,180.49"
28-03-2025,"47,416.19"
29-03-2025,"49,256.92"
30-03-2025,"50,770.13"
31-03-2025,"45,821.20"
01-04-2025,"42,821.78"
02-04-2025,"40,855.89"
03-04-2025,"45,288.95"
04-04-2025,"44,107.17"
05-04-2025,"51,867.68"
06-04-2025,"47,389.46"
07-04-2025,"42,314.70"
08-04-2025,"46,372.87"
09-04-2025,"47,119.24"
10-04-2025,"45,374.80"
11-04-2025,"49,274.50"
12-04-2025,"51,220.01"
13-04-2025,"50,587.18"
14-04-2025,"41,241.17"
15-04-2025,"44,233.11"
16-04-2025,"43,802.90"
17-04-2025,"45,434.38"
18-04-2025,"58,544.58"
19-04-2025,"53,128.07"
20-04-2025,"59,884.88"
21-04-2025,"49,213.89"
22-04-2025,"40,950.63"
23-04-2025,"46,837.41"
24-04-2025,"41,650.30"
25-04-2025,"48,244.61"
26-04-2025,"51,111.99"
27-04-2025,"50,098.49"
28-04-2025,"46,994.46"
29-04-2025,"43,956.55"
30-04-2025,"43,712.64"
01-05-2025,"53,865.22"
02-05-2025,"48,354.76"
03-05-2025,"53,272.67"
04-05-2025,"51,090.33"
05-05-2025,"43,445.27"
06-05-2025,"44,608.59"
07-05-2025,"47,784.14"
08-05-2025,"40,668.71"
09-05-2025,"46,562.96"
10-05-2025,"50,148.87"
11-05-2025,"49,455.67"
12-05-2025,"43,585.15"
13-05-2025,"43,109.84"
14-05-2025,"39,730.18"
15-05-2025,"44,581.85"
16-05-2025,"48,502.73"
17-05-2025,"55,164.20"
18-05-2025,"50,198.25"
19-05-2025,"42,342.02"
20-05-2025,"47,231.54"
21-05-2025,"47,669.37"
22-05-2025,"39,884.92"
23-05-2025,"51,203.11"
24-05-2025,"49,649.18"
25-05-2025,"49,378.57"
26-05-2025,"41,737.99"
27-05-2025,"45,349.35"
28-05-2025,"42,866.59"
29-05-2025,"44,122.89"
30-05-2025,"46,609.60"
31-05-2025,"52,641.81"
01-06-2025,"50,676.12"
02-06-2025,"48,584.43"
03-06-2025,"52,734.04"
04-06-2025,"43,037.76"
05-06-2025,"43,949.02"
06-06-2025,"46,969.55"
07-06-2025,"49,134.10"
08-06-2025,"53,676.89"
09-06-2025,"55,078.43"
10-06-2025,"43,943.17"
11-06-2025,"46,828.10"
12-06-2025,"47,694.65"
13-06-2025,"45,487.91"
14-06-2025,"49,328.06"
15-06-2025,"50,261.93"
16-06-2025,"44,519.29"
17-06-2025,"42,641.34"
18-06-2025,"40,996.50"
19-06-2025,"41,693.94"
20-06-2025,"43,878.94"
21-06-2025,"51,468.28"
22-06-2025,"43,833.85"
23-06-2025,"44,155.89"
24-06-2025,"44,761.32"
25-06-2025,"41,687.31"
26-06-2025,"44,286.27"
27-06-2025,"47,989.57"
28-06-2025,"46,127.11"
29-06-2025,"46,522.31"
30-06-2025,"40,534.92"
01-07-2025,"43,922.20"
02-07-2025,"41,394.03"
03-07-2025,"38,653.26"
04-07-2025,"45,047.93"
05-07-2025,"48,999.79"
06-07-2025,"47,367.46"
07-07-2025,"43,192.58"
08-07-2025,"43,026.09"
09-07-2025,"42,536.55"
10-07-2025,"41,192.02"
11-07-2025,"43,727.33"
12-07-2025,"47,671.79"
13-07-2025,"49,102.16"
14-07-2025,"39,664.68"
15-07-2025,"40,239.56"
16-07-2025,"39,437.56"
17-07-2025,"41,266.12"
18-07-2025,"43,958.37"
19-07-2025,"45,624.98"
20-07-2025,"43,367.90"
21-07-2025,"37,912.85"
22-07-2025,"41,198.83"
23-07-2025,"41,032.79"
24-07-2025,"37,500.34"
25-07-2025,"43,292.95"
26-07-2025,"46,839.52"
27-07-2025,"44,192.63"
28-07-2025,"39,531.03"
29-07-2025,"36,028.47"
30-07-2025,"37,171.60"
31-07-2025,"39,462.28"
01-08-2025,"42,053.04"
02-08-2025,"41,889.20"
03-08-2025,"45,853.29"
04-08-2025,"37,513.62"
05-08-2025,"39,323.71"
06-08-2025,"34,029.93"
07-08-2025,"36,440.03"
08-08-2025,"41,629.41"
09-08-2025,"45,442.20"
10-08-2025,"41,036.29"
11-08-2025,"38,268.98"
12-08-2025,"38,946.71"
13-08-2025,"37,580.71"
14-08-2025,"39,293.48"
15-08-2025,"40,688.12"
16-08-2025,"41,848.17"
17-08-2025,"40,748.39"
18-08-2025,"38,767.38"
19-08-2025,"36,911.88"
20-08-2025,"34,317.00"
21-08-2025,"35,406.29"
22-08-2025,"40,278.83"
23-08-2025,"40,574.54"
24-08-2025,"41,756.30"
25-08-2025,"37,094.24"
26-08-2025,"37,740.51"
27-08-2025,"37,791.78"
28-08-2025,"36,323.86"
29-08-2025,"41,348.02"
30-08-2025,"42,425.79"
31-08-2025,"41,009.78"
01-09-2025,"38,649.98"
02-09-2025,"35,921.38"
03-09-2025,"35,300.41"
04-09-2025,"37,427.51"
05-09-2025,"36,170.40"
06-09-2025,"41,474.03"
07-09-2025,"40,205.47"
08-09-2025,"36,790.05"
09-09-2025,"35,986.33"
10-09-2025,"37,590.84"
11-09-2025,"34,194.18"
12-09-2025,"39,709.11"
13-09-2025,"40,657.86"
14-09-2025,"42,298.13"
15-09-2025,"32,356.53"
16-09-2025,"34,834.50"
17-09-2025,"33,791.39"
18-09-2025,"33,350.92"
19-09-2025,"37,609.11"
20-09-2025,"38,693.82"
21-09-2025,"40,640.53"
22-09-2025,"35,013.10"
23-09-2025,"34,034.84"
24-09-2025,"35,478.90"
25-09-2025,"32,110.91"
26-09-2025,"37,468.79"
27-09-2025,"39,536.20"
28-09-2025,"39,551.51"
29-09-2025,"33,808.28"
30-09-2025,"33,740.42"
01-10-2025,"35,218.64"
02-10-2025,"33,269.28"
03-10-2025,"36,436.31"
04-10-2025,"39,352.31"
05-10-2025,"39,086.50"
06-10-2025,"34,110.90"
07-10-2025,"35,077.85"
08-10-2025,"32,263.15"
09-10-2025,"41,263.06"
10-10-2025,"34,573.11"
11-10-2025,"36,369.75"
12-10-2025,"37,465.88"
13-10-2025,"33,883.86"
14-10-2025,"33,294.03"
15-10-2025,"34,164.71"
16-10-2025,"32,502.96"
17-10-2025,"37,512.46"
18-10-2025,"35,967.30"
19-10-2025,"38,560.64"
20-10-2025,"31,499.21"
21-10-2025,"34,340.06"
22-10-2025,"34,301.27"
23-10-2025,"32,172.10"
24-10-2025,"33,843.82"
25-10-2025,"39,450.59"
26-10-2025,"40,491.67"
27-10-2025,"33,398.56"
28-10-2025,"32,110.72"
29-10-2025,"33,442.48"
30-10-2025,"34,674.69"
31-10-2025,"35,812.86"
01-11-2025,"39,787.87"
02-11-2025,"39,129.65"
03-11-2025,"31,813.43"
04-11-2025,"31,154.70"
05-11-2025,"32,699.75"
06-11-2025,"35,409.80"
07-11-2025,"36,470.25"
08-11-2025,"40,016.45"
09-11-2025,"36,683.80"
10-11-2025,"34,088.62"
11-11-2025,"34,857.74"
12-11-2025,"35,333.10"
13-11-2025,"34,577.20"
